<LayoutModificationTemplate Version="1" xmlns="http://schemas.microsoft.com/Start/2014/LayoutModification">
  <LayoutOptions StartTileGroupCellWidth="6" />
  <DefaultLayoutOverride>
    <StartLayoutCollection>
      <defaultlayout:StartLayout GroupCellWidth="6" xmlns:defaultlayout="http://schemas.microsoft.com/Start/2014/FullDefaultLayout">
        <start:Group Name="Alles auf einen Blick" xmlns:start="http://schemas.microsoft.com/Start/2014/StartLayout">
          <start:Tile Size="2x2" Column="4" Row="0" AppUserModelID="microsoft.windowscommunicationsapps_8wekyb3d8bbwe!microsoft.windowslive.calendar" />
          <start:Tile Size="4x2" Column="0" Row="0" AppUserModelID="microsoft.windowscommunicationsapps_8wekyb3d8bbwe!microsoft.windowslive.mail" />
          <start:Tile Size="4x2" Column="2" Row="2" AppUserModelID="Microsoft.MicrosoftEdge_8wekyb3d8bbwe!MicrosoftEdge" />
          <start:Tile Size="4x4" Column="2" Row="4" AppUserModelID="Microsoft.BingWeather_8wekyb3d8bbwe!App" />
          <start:DesktopApplicationTile Size="2x2" Column="0" Row="8" DesktopApplicationLinkPath="%APPDATA%\Microsoft\Windows\Start Menu\Programs\System Tools\Control Panel.lnk" />
          <start:DesktopApplicationTile Size="2x2" Column="4" Row="8" DesktopApplicationLinkPath="%APPDATA%\Microsoft\Windows\Start Menu\Programs\System Tools\Run.lnk" />
          <start:Tile Size="2x2" Column="0" Row="6" AppUserModelID="Microsoft.WindowsStore_8wekyb3d8bbwe!App" />
          <start:SecondaryTile AppUserModelID="windows.immersivecontrolpanel_cw5n1h2txyewy!microsoft.windows.immersivecontrolpanel" TileID="SystemSettings_L2_SettingsPageRestoreMusUpdate" DisplayName="Windows Update" Size="2x2" Column="2" Row="8" Arguments="page=SettingsPageRestoreMusUpdate" Square150x150LogoUri="ms-appdata:///local/SettingsTiles/UpdateRestore.png" Wide310x150LogoUri="ms-appdata:///local/SettingsTiles/wide.UpdateRestore.png" ShowNameOnSquare150x150Logo="true" ShowNameOnWide310x150Logo="true" BackgroundColor="#00000000" />
        </start:Group>
        <start:Group Name="Spiele und mehr" xmlns:start="http://schemas.microsoft.com/Start/2014/StartLayout">
          <start:Tile Size="2x2" Column="0" Row="4" AppUserModelID="Microsoft.XboxApp_8wekyb3d8bbwe!Microsoft.XboxApp" />
          <start:Tile Size="2x2" Column="0" Row="2" AppUserModelID="Microsoft.ZuneMusic_8wekyb3d8bbwe!Microsoft.ZuneMusic" />
          <start:Tile Size="2x2" Column="4" Row="0" AppUserModelID="Microsoft.ZuneVideo_8wekyb3d8bbwe!Microsoft.ZuneVideo" />
          <start:Tile Size="2x2" Column="2" Row="2" AppUserModelID="Microsoft.WindowsCalculator_8wekyb3d8bbwe!App" />
          <start:DesktopApplicationTile Size="2x2" Column="4" Row="2" DesktopApplicationLinkPath="%ALLUSERSPROFILE%\Microsoft\Windows\Start Menu\Programs\Accessories\Paint.lnk" />
        </start:Group>
        <start:Group Name="" xmlns:start="http://schemas.microsoft.com/Start/2014/StartLayout">
          <start:DesktopApplicationTile Size="2x2" Column="0" Row="0" DesktopApplicationLinkPath="%ALLUSERSPROFILE%\Microsoft\Windows\Start Menu\Programs\System Tools\Task Manager.lnk" />
        </start:Group>
      </defaultlayout:StartLayout>
    </StartLayoutCollection>
  </DefaultLayoutOverride>
</LayoutModificationTemplate>